{"cameraMode":{"drawMode":0,"name":"Shaded","section":"Shading Mode"},"sceneLighting":true,"audioPlay":false,"sceneViewState":{"m_AlwaysRefresh":true,"showFog":true,"showSkybox":true,"showFlares":true,"showImageEffects":true,"showParticleSystems":true,"showVisualEffectGraphs":true,"m_FxEnabled":true},"in2DMode":false,"pivot":{"x":-0.04496060684323311,"y":1.2533824443817139,"z":-5.4939422607421879},"rotation":{"x":-0.07972414046525955,"y":0.005080662667751312,"z":-0.0004064407548867166,"w":-0.9968037605285645},"size":2.301109790802002,"orthographic":false}